Date,RhatCILo1,RhatCILo2,RhatCIlo3,Rhat,RhatCIUp3,RhatCIUp2,RhatCIUp1
2020-03-01,0.99,0.99,0.99,1,1.01,1.01,1.01
2020-03-02,0.97,0.98,0.98,1,1.02,1.02,1.03
2020-03-03,0.95,0.96,0.97,1,1.03,1.04,1.05
2020-03-04,0.93,0.95,0.96,1.01,1.04,1.05,1.07
2020-03-05,0.91,0.93,0.94,1.01,1.06,1.07,1.09
2020-03-06,0.92,0.97,0.97,0.98,1.04,1.07,1.08
2020-03-07,0.91,0.95,0.95,0.97,1.05,1.08,1.11
2020-03-08,0.89,0.92,0.93,0.96,1.06,1.1,1.13
2020-03-09,0.87,0.9,0.91,0.95,1.07,1.11,1.16
2020-03-10,0.85,0.87,0.88,0.94,1.08,1.12,1.19
2020-03-11,0.81,0.84,0.86,0.93,1.08,1.13,1.21
2020-03-12,0.78,0.81,0.83,0.93,1.09,1.15,1.23
2020-03-13,0.74,0.79,0.81,0.92,1.1,1.16,1.25
2020-03-14,0.71,0.76,0.78,0.91,1.11,1.18,1.27
2020-03-15,0.68,0.73,0.76,0.9,1.11,1.19,1.31
2020-03-16,0.65,0.7,0.73,0.9,1.12,1.2,1.34
2020-03-17,0.62,0.68,0.71,0.91,1.19,1.29,1.42
2020-03-18,0.62,0.7,0.74,1.04,1.45,1.54,1.55
2020-03-19,0.79,0.91,0.95,1.22,1.41,1.48,1.49
2020-03-20,1.16,1.28,1.29,1.32,1.48,1.49,1.5
2020-03-21,1.29,1.32,1.33,1.48,1.51,1.51,1.52
2020-03-22,1.49,1.5,1.5,1.51,1.53,1.53,1.54
2020-03-23,1.48,1.49,1.5,1.52,1.55,1.56,1.56
2020-03-24,1.47,1.48,1.49,1.53,1.57,1.58,1.59
2020-03-25,1.46,1.48,1.49,1.54,1.59,1.6,1.62
2020-03-26,1.58,1.58,1.58,1.66,1.71,1.71,1.71
2020-03-27,1.68,1.69,1.69,1.73,1.77,1.77,1.78
2020-03-28,1.72,1.73,1.74,1.81,1.84,1.84,1.85
2020-03-29,1.74,1.76,1.78,1.86,1.9,1.9,1.91
2020-03-30,1.76,1.79,1.81,1.9,1.96,1.96,1.98
2020-03-31,1.78,1.82,1.85,1.95,2.01,2.02,2.04
2020-04-01,1.95,1.99,2,2.05,2.1,2.11,2.14
2020-04-02,2.05,2.07,2.07,2.12,2.21,2.21,2.22
2020-04-03,2.09,2.1,2.11,2.2,2.28,2.29,2.3
2020-04-04,2.11,2.13,2.14,2.25,2.35,2.36,2.37
2020-04-05,2.13,2.16,2.18,2.32,2.42,2.43,2.45
2020-04-06,2.16,2.21,2.25,2.39,2.49,2.5,2.54
2020-04-07,2.22,2.28,2.31,2.45,2.55,2.56,2.61
2020-04-08,2.24,2.3,2.33,2.48,2.6,2.61,2.66
2020-04-09,2.21,2.27,2.3,2.46,2.61,2.63,2.68
2020-04-10,2.17,2.24,2.26,2.43,2.61,2.63,2.68
2020-04-11,2.12,2.17,2.21,2.38,2.57,2.6,2.66
2020-04-12,2,2.08,2.11,2.3,2.51,2.55,2.63
2020-04-13,1.94,2.01,2.06,2.27,2.5,2.54,2.64
2020-04-14,1.87,1.95,1.99,2.24,2.47,2.52,2.63
2020-04-15,1.79,1.86,1.92,2.16,2.4,2.44,2.52
2020-04-16,1.7,1.71,1.72,1.91,2.17,2.21,2.29
2020-04-17,1.62,1.64,1.66,1.79,1.91,1.96,2.14
2020-04-18,1.54,1.56,1.57,1.7,1.82,1.83,1.85
2020-04-19,1.45,1.47,1.48,1.63,1.76,1.78,1.81
2020-04-20,1.31,1.34,1.35,1.45,1.63,1.65,1.7
2020-04-21,1.19,1.2,1.22,1.29,1.37,1.39,1.47
2020-04-22,1.07,1.08,1.09,1.2,1.28,1.29,1.33
2020-04-23,0.95,0.96,0.97,1.11,1.21,1.22,1.24
2020-04-24,0.81,0.83,0.83,0.98,1.12,1.14,1.17
2020-04-25,0.67,0.67,0.69,0.74,0.81,0.84,0.92
2020-04-26,0.53,0.53,0.54,0.6,0.66,0.67,0.7
2020-04-27,0.39,0.4,0.41,0.47,0.54,0.55,0.58
2020-04-28,0.28,0.31,0.33,0.41,0.49,0.5,0.53
2020-04-29,0.18,0.22,0.24,0.33,0.42,0.44,0.52
2020-04-30,0.14,0.17,0.18,0.3,0.52,0.52,0.52
2020-05-01,0.14,0.19,0.22,0.45,0.49,0.49,0.49
2020-05-02,0.42,0.42,0.43,0.44,0.46,0.47,0.47
2020-05-03,0.37,0.38,0.39,0.42,0.45,0.45,0.46
2020-05-04,0.34,0.36,0.37,0.41,0.45,0.46,0.48
2020-05-05,0.31,0.33,0.34,0.4,0.47,0.48,0.5
2020-05-06,0.28,0.31,0.32,0.4,0.48,0.5,0.52
2020-05-07,0.28,0.31,0.32,0.41,0.51,0.53,0.55
2020-05-08,0.34,0.36,0.38,0.48,0.57,0.59,0.6
2020-05-09,0.49,0.51,0.53,0.59,0.64,0.65,0.65
2020-05-10,0.56,0.59,0.6,0.65,0.69,0.7,0.71
2020-05-11,0.58,0.6,0.61,0.67,0.73,0.74,0.76
2020-05-12,0.62,0.65,0.66,0.74,0.81,0.82,0.84
2020-05-13,0.68,0.72,0.73,0.81,0.88,0.9,0.92
2020-05-14,0.75,0.79,0.8,0.88,0.96,0.97,1
2020-05-15,0.82,0.85,0.87,0.95,1.04,1.05,1.08
2020-05-16,0.87,0.9,0.92,1.01,1.1,1.12,1.16
2020-05-17,0.88,0.92,0.93,1.03,1.13,1.15,1.19
2020-05-18,0.87,0.9,0.92,1.02,1.14,1.17,1.22
2020-05-19,0.85,0.88,0.89,1.01,1.15,1.18,1.25
2020-05-20,0.82,0.83,0.87,0.97,1.12,1.16,1.25
2020-05-21,0.8,0.82,0.82,0.93,1.03,1.07,1.17
2020-05-22,0.78,0.8,0.81,0.89,0.99,1.01,1.06
2020-05-23,0.77,0.81,0.82,0.91,1.01,1.03,1.07
2020-05-24,0.78,0.82,0.83,0.92,1.02,1.04,1.08
2020-05-25,0.77,0.8,0.82,0.91,1.01,1.03,1.07
2020-05-26,0.76,0.79,0.8,0.89,0.99,1.02,1.06
2020-05-27,0.76,0.79,0.81,0.9,1,1.02,1.06
2020-05-28,0.78,0.82,0.84,0.94,1.04,1.06,1.1
2020-05-29,0.8,0.84,0.86,0.96,1.07,1.09,1.13
2020-05-30,0.8,0.83,0.85,0.96,1.06,1.09,1.13
2020-05-31,0.76,0.79,0.82,0.92,1.03,1.05,1.1
2020-06-01,0.73,0.76,0.78,0.89,1,1.02,1.06
2020-06-02,0.7,0.74,0.76,0.86,0.97,0.99,1.03
2020-06-03,0.7,0.74,0.76,0.86,0.97,0.99,1.03
2020-06-04,0.74,0.77,0.79,0.89,1,1.02,1.05
2020-06-05,0.76,0.79,0.81,0.91,1.01,1.04,1.07
2020-06-06,0.76,0.8,0.81,0.91,1.02,1.04,1.08
2020-06-07,0.77,0.81,0.83,0.93,1.04,1.06,1.1
2020-06-08,0.8,0.84,0.86,0.96,1.07,1.09,1.13
2020-06-09,0.83,0.86,0.88,0.98,1.09,1.11,1.17
2020-06-10,0.84,0.87,0.89,0.99,1.1,1.13,1.17
2020-06-11,0.85,0.89,0.91,1.01,1.12,1.15,1.19
2020-06-12,0.9,0.94,0.96,1.07,1.18,1.2,1.25
2020-06-13,0.95,1,1.03,1.15,1.27,1.29,1.35
2020-06-14,1.03,1.08,1.11,1.23,1.36,1.39,1.43
2020-06-15,1.11,1.15,1.17,1.3,1.44,1.47,1.5
2020-06-16,1.14,1.18,1.2,1.32,1.45,1.48,1.55
2020-06-17,1.14,1.18,1.2,1.32,1.45,1.48,1.54
2020-06-18,1.11,1.16,1.18,1.3,1.43,1.45,1.51
2020-06-19,1.07,1.11,1.14,1.26,1.39,1.42,1.48
2020-06-20,1.03,1.07,1.1,1.22,1.34,1.38,1.43
2020-06-21,0.98,1.02,1.04,1.17,1.29,1.31,1.38
2020-06-22,0.93,0.97,1,1.12,1.25,1.27,1.32
2020-06-23,0.9,0.94,0.96,1.09,1.22,1.24,1.29
2020-06-24,0.92,0.97,0.99,1.11,1.23,1.25,1.3
2020-06-25,0.93,0.97,0.99,1.11,1.23,1.25,1.3
2020-06-26,0.92,0.96,0.98,1.09,1.21,1.24,1.29
2020-06-27,0.9,0.94,0.96,1.07,1.2,1.22,1.27
2020-06-28,0.88,0.92,0.94,1.05,1.17,1.2,1.24
2020-06-29,0.87,0.91,0.93,1.04,1.16,1.18,1.23
2020-06-30,0.85,0.89,0.91,1.01,1.13,1.15,1.2
2020-07-01,0.81,0.85,0.87,0.98,1.09,1.11,1.16
2020-07-02,0.78,0.82,0.85,0.95,1.06,1.08,1.12
2020-07-03,0.77,0.8,0.82,0.92,1.03,1.05,1.1
2020-07-04,0.75,0.79,0.8,0.9,1.01,1.03,1.07
2020-07-05,0.74,0.77,0.79,0.89,0.99,1.02,1.06
2020-07-06,0.72,0.76,0.77,0.87,0.97,1,1.04
2020-07-07,0.71,0.74,0.76,0.86,0.95,0.98,1.02
2020-07-08,0.7,0.73,0.75,0.85,0.95,0.96,1
2020-07-09,0.69,0.73,0.75,0.84,0.94,0.96,1
2020-07-10,0.69,0.72,0.74,0.84,0.94,0.96,0.99
2020-07-11,0.7,0.73,0.75,0.84,0.94,0.96,1
2020-07-12,0.7,0.74,0.76,0.85,0.95,0.97,1.01
2020-07-13,0.72,0.75,0.77,0.86,0.96,0.98,1.03
2020-07-14,0.73,0.76,0.78,0.87,0.97,1,1.04
2020-07-15,0.73,0.76,0.78,0.88,0.98,1,1.04
2020-07-16,0.73,0.77,0.79,0.88,0.98,1,1.04
2020-07-17,0.74,0.78,0.79,0.89,0.99,1.01,1.05
2020-07-18,0.75,0.78,0.8,0.89,1,1.01,1.06
2020-07-19,0.76,0.79,0.8,0.9,1.01,1.03,1.07
2020-07-20,0.77,0.8,0.82,0.92,1.02,1.04,1.08
2020-07-21,0.78,0.81,0.83,0.93,1.04,1.06,1.09
2020-07-22,0.78,0.82,0.84,0.94,1.04,1.07,1.11
2020-07-23,0.8,0.83,0.85,0.95,1.06,1.08,1.12
2020-07-24,0.81,0.84,0.86,0.96,1.07,1.09,1.14
2020-07-25,0.81,0.85,0.87,0.98,1.08,1.11,1.15
2020-07-26,0.83,0.86,0.88,0.99,1.1,1.12,1.16
2020-07-27,0.83,0.87,0.89,0.99,1.1,1.12,1.17
2020-07-28,0.85,0.88,0.91,1.01,1.12,1.14,1.19
2020-07-29,0.85,0.9,0.91,1.02,1.12,1.15,1.19
2020-07-30,0.87,0.91,0.92,1.03,1.14,1.16,1.21
2020-07-31,0.88,0.92,0.94,1.04,1.15,1.17,1.21
2020-08-01,0.89,0.93,0.95,1.05,1.17,1.19,1.23
2020-08-02,0.9,0.93,0.95,1.06,1.17,1.2,1.24
2020-08-03,0.9,0.93,0.96,1.06,1.18,1.2,1.25
2020-08-04,0.91,0.95,0.98,1.08,1.2,1.22,1.27
2020-08-05,0.94,0.98,1,1.11,1.23,1.25,1.3
2020-08-06,0.96,1,1.02,1.13,1.25,1.27,1.32
2020-08-07,0.97,1.01,1.03,1.15,1.27,1.29,1.33
2020-08-08,0.98,1.02,1.04,1.15,1.27,1.3,1.34
2020-08-09,0.98,1.02,1.04,1.16,1.27,1.3,1.35
2020-08-10,0.98,1.02,1.04,1.15,1.27,1.3,1.34
2020-08-11,0.97,1.01,1.03,1.15,1.27,1.29,1.34
2020-08-12,0.96,1,1.02,1.14,1.26,1.28,1.33
2020-08-13,0.96,1,1.02,1.13,1.25,1.28,1.33
2020-08-14,0.95,0.99,1.01,1.12,1.24,1.27,1.32
2020-08-15,0.94,0.98,1,1.12,1.24,1.26,1.31
2020-08-16,0.92,0.96,0.98,1.09,1.21,1.24,1.29
2020-08-17,0.91,0.95,0.97,1.08,1.2,1.22,1.27
2020-08-18,0.9,0.94,0.96,1.07,1.19,1.21,1.25
2020-08-19,0.9,0.94,0.96,1.07,1.19,1.21,1.26
2020-08-20,0.92,0.95,0.97,1.08,1.2,1.22,1.27
2020-08-21,0.89,0.93,0.95,1.06,1.17,1.2,1.24
2020-08-22,0.89,0.92,0.94,1.05,1.17,1.19,1.23
2020-08-23,0.86,0.9,0.92,1.03,1.15,1.17,1.21
2020-08-24,0.88,0.92,0.94,1.05,1.16,1.19,1.23
2020-08-25,0.9,0.94,0.96,1.07,1.19,1.21,1.25
2020-08-26,0.89,0.93,0.95,1.06,1.17,1.2,1.24
2020-08-27,0.9,0.94,0.96,1.07,1.19,1.21,1.25
2020-08-28,0.91,0.95,0.97,1.08,1.2,1.22,1.27
2020-08-29,0.92,0.96,0.98,1.09,1.21,1.23,1.27
2020-08-30,0.92,0.96,0.98,1.09,1.2,1.23,1.27
2020-08-31,0.93,0.97,0.99,1.1,1.21,1.23,1.28
2020-09-01,0.93,0.97,0.99,1.1,1.22,1.24,1.28
2020-09-02,0.93,0.97,0.99,1.1,1.22,1.24,1.29
2020-09-03,0.94,0.97,0.99,1.11,1.22,1.24,1.29
2020-09-04,0.93,0.97,0.99,1.1,1.22,1.24,1.29
2020-09-05,0.92,0.97,0.99,1.1,1.22,1.24,1.28
2020-09-06,0.91,0.96,0.98,1.09,1.21,1.23,1.27
2020-09-07,0.92,0.96,0.98,1.09,1.21,1.23,1.27
2020-09-08,0.93,0.97,0.99,1.09,1.21,1.24,1.28
2020-09-09,0.92,0.96,0.97,1.08,1.2,1.22,1.28
2020-09-10,0.89,0.93,0.95,1.05,1.17,1.19,1.23
2020-09-11,0.88,0.92,0.94,1.05,1.16,1.18,1.23
2020-09-12,0.86,0.89,0.92,1.02,1.13,1.15,1.2
2020-09-13,0.83,0.88,0.9,1,1.11,1.13,1.18
2020-09-14,0.85,0.89,0.9,1.01,1.11,1.14,1.18
2020-09-15,0.86,0.89,0.91,1.02,1.12,1.15,1.19
2020-09-16,0.86,0.9,0.92,1.03,1.13,1.15,1.2
2020-09-17,0.86,0.9,0.91,1.02,1.12,1.15,1.19
2020-09-18,0.87,0.9,0.92,1.03,1.13,1.15,1.2
2020-09-19,0.84,0.88,0.9,1,1.11,1.13,1.18
2020-09-20,0.82,0.86,0.88,0.98,1.09,1.11,1.16
2020-09-21,0.83,0.87,0.89,1,1.1,1.12,1.17
2020-09-22,0.83,0.87,0.89,1,1.11,1.13,1.17
2020-09-23,0.85,0.89,0.91,1.01,1.12,1.14,1.18
2020-09-24,0.85,0.89,0.91,1.01,1.13,1.15,1.19
2020-09-25,0.85,0.89,0.9,1.01,1.12,1.15,1.18
2020-09-26,0.83,0.87,0.88,0.99,1.1,1.12,1.16
2020-09-27,0.81,0.85,0.86,0.96,1.07,1.09,1.14
2020-09-28,0.79,0.82,0.84,0.94,1.04,1.07,1.11
2020-09-29,0.77,0.81,0.82,0.92,1.02,1.05,1.09
2020-09-30,0.75,0.79,0.81,0.9,1.01,1.03,1.07
2020-10-01,0.75,0.79,0.8,0.9,1,1.02,1.06
2020-10-02,0.75,0.79,0.81,0.9,1,1.02,1.06
2020-10-03,0.76,0.8,0.81,0.91,1.02,1.04,1.08
2020-10-04,0.77,0.8,0.82,0.92,1.02,1.04,1.09
2020-10-05,0.79,0.83,0.85,0.95,1.05,1.08,1.12
2020-10-06,0.81,0.84,0.86,0.96,1.07,1.09,1.14
2020-10-07,0.83,0.86,0.88,0.98,1.09,1.11,1.16
2020-10-08,0.85,0.88,0.9,1.01,1.12,1.14,1.19
2020-10-09,0.87,0.9,0.92,1.03,1.14,1.16,1.2
2020-10-10,0.88,0.92,0.94,1.04,1.16,1.18,1.22
2020-10-11,0.87,0.91,0.93,1.04,1.15,1.18,1.22
2020-10-12,0.88,0.92,0.94,1.05,1.16,1.18,1.23
2020-10-13,0.89,0.93,0.95,1.05,1.16,1.18,1.23
2020-10-14,0.9,0.94,0.95,1.06,1.17,1.19,1.24
2020-10-15,0.91,0.94,0.96,1.07,1.18,1.2,1.25
2020-10-16,0.92,0.96,0.98,1.09,1.2,1.23,1.27
2020-10-17,0.93,0.97,0.99,1.09,1.21,1.23,1.27
2020-10-18,0.94,0.97,0.99,1.1,1.22,1.24,1.28
2020-10-19,0.96,1,1.02,1.13,1.25,1.27,1.31
2020-10-20,0.97,1,1.02,1.13,1.26,1.28,1.32
2020-10-21,0.98,1.01,1.03,1.15,1.27,1.29,1.34
2020-10-22,0.99,1.02,1.04,1.16,1.28,1.31,1.36
2020-10-23,1,1.04,1.06,1.17,1.3,1.32,1.37
2020-10-24,0.99,1.03,1.05,1.17,1.29,1.32,1.37
2020-10-25,0.98,1.02,1.04,1.15,1.28,1.3,1.35
2020-10-26,0.98,1.01,1.03,1.15,1.28,1.3,1.35
2020-10-27,0.97,1.01,1.03,1.15,1.27,1.3,1.34
2020-10-28,0.97,1.01,1.03,1.15,1.27,1.3,1.35
2020-10-29,0.97,1.01,1.03,1.15,1.27,1.29,1.34
2020-10-30,0.96,1.01,1.03,1.14,1.26,1.29,1.33
2020-10-31,0.94,0.99,1.01,1.12,1.24,1.27,1.31
2020-11-01,0.92,0.96,0.98,1.09,1.21,1.23,1.29
2020-11-02,0.91,0.95,0.97,1.08,1.2,1.22,1.27
2020-11-03,0.9,0.94,0.96,1.07,1.19,1.21,1.26
2020-11-04,0.9,0.94,0.96,1.07,1.18,1.21,1.26
2020-11-05,0.89,0.93,0.95,1.06,1.17,1.2,1.25
2020-11-06,0.89,0.93,0.95,1.06,1.17,1.19,1.24
2020-11-07,0.89,0.93,0.95,1.06,1.18,1.2,1.24
2020-11-08,0.9,0.93,0.95,1.06,1.18,1.2,1.24
2020-11-09,0.9,0.94,0.96,1.07,1.18,1.2,1.24
2020-11-10,0.9,0.94,0.96,1.07,1.18,1.2,1.24
2020-11-11,0.9,0.94,0.96,1.08,1.19,1.21,1.25
2020-11-12,0.92,0.96,0.98,1.09,1.2,1.23,1.27
2020-11-13,0.95,0.99,1.01,1.12,1.23,1.26,1.3
2020-11-14,0.97,1.01,1.03,1.14,1.26,1.28,1.32
2020-11-15,0.99,1.02,1.05,1.16,1.27,1.3,1.34
2020-11-16,1,1.04,1.06,1.18,1.29,1.32,1.36
2020-11-17,1.03,1.08,1.1,1.21,1.33,1.36,1.41
2020-11-18,1.08,1.12,1.14,1.26,1.38,1.4,1.47
2020-11-19,1.12,1.16,1.19,1.3,1.42,1.45,1.51
2020-11-20,1.17,1.21,1.24,1.35,1.48,1.51,1.56
2020-11-21,1.22,1.26,1.28,1.4,1.53,1.56,1.63
2020-11-22,1.26,1.3,1.32,1.45,1.58,1.61,1.69
2020-11-23,1.3,1.34,1.37,1.5,1.63,1.67,1.75
2020-11-24,1.34,1.39,1.41,1.55,1.68,1.72,1.8
2020-11-25,1.33,1.38,1.41,1.55,1.68,1.7,1.77
2020-11-26,1.34,1.4,1.43,1.58,1.73,1.77,1.84
2020-11-27,1.36,1.43,1.46,1.63,1.79,1.83,1.91
2020-11-28,1.38,1.45,1.48,1.66,1.84,1.89,1.99
2020-11-29,1.87,1.95,1.98,2.09,2.12,2.12,2.12
2020-11-30,2.09,2.11,2.11,2.15,2.17,2.17,2.18
2020-12-01,2.13,2.15,2.16,2.19,2.22,2.22,2.23
2020-12-02,2.16,2.17,2.18,2.22,2.27,2.27,2.28
2020-12-03,2.16,2.18,2.19,2.25,2.3,2.31,2.33
2020-12-04,2.14,2.17,2.18,2.26,2.33,2.34,2.37
2020-12-05,2.05,2.15,2.16,2.25,2.35,2.36,2.4
2020-12-06,1.98,2.11,2.13,2.25,2.37,2.39,2.42
2020-12-07,1.95,1.98,2.09,2.24,2.38,2.4,2.45
2020-12-08,1.92,1.94,1.96,2.2,2.36,2.39,2.44
2020-12-09,1.89,1.89,1.9,2.06,2.28,2.3,2.37
2020-12-10,1.85,1.86,1.87,2.02,2.22,2.23,2.3
2020-12-11,1.78,1.8,1.81,1.87,2.07,2.09,2.17
2020-12-12,1.72,1.72,1.74,1.8,1.85,1.86,2.02
2020-12-13,1.65,1.65,1.65,1.72,1.79,1.8,1.83
2020-12-14,1.56,1.57,1.58,1.63,1.71,1.73,1.75
2020-12-15,1.48,1.48,1.49,1.54,1.59,1.62,1.65
2020-12-16,1.38,1.4,1.41,1.48,1.54,1.57,1.61
2020-12-17,1.29,1.31,1.32,1.41,1.49,1.52,1.57
2020-12-18,1.19,1.22,1.24,1.34,1.44,1.47,1.52
2020-12-19,1.08,1.08,1.08,1.21,1.35,1.36,1.37
2020-12-20,0.98,1.05,1.2,1.2,1.21,1.21,1.21
2020-12-21,0.86,0.86,0.87,0.88,0.9,0.91,0.91
2020-12-22,0.74,0.75,0.75,0.78,0.8,0.81,0.82
2020-12-23,0.62,0.63,0.64,0.67,0.71,0.72,0.74
2020-12-24,0.5,0.51,0.52,0.56,0.61,0.62,0.64
2020-12-25,0.4,0.41,0.42,0.47,0.53,0.54,0.56
2020-12-26,0.32,0.34,0.35,0.41,0.46,0.48,0.5
2020-12-27,0.26,0.29,0.31,0.37,0.44,0.45,0.47
2020-12-28,0.19,0.23,0.25,0.34,0.42,0.44,0.49
2020-12-29,0.16,0.19,0.21,0.33,0.46,0.46,0.47
2020-12-30,0.15,0.18,0.19,0.34,0.45,0.45,0.46
2020-12-31,0.19,0.22,0.25,0.39,0.45,0.46,0.46
2021-01-01,0.32,0.37,0.38,0.43,0.46,0.47,0.47
2021-01-02,0.36,0.39,0.41,0.45,0.48,0.48,0.49
2021-01-03,0.4,0.42,0.43,0.47,0.5,0.51,0.52
2021-01-04,0.4,0.42,0.43,0.48,0.53,0.54,0.55
2021-01-05,0.39,0.42,0.43,0.5,0.56,0.57,0.6
2021-01-06,0.39,0.42,0.44,0.52,0.6,0.61,0.7
2021-01-07,0.51,0.55,0.57,0.68,0.76,0.77,0.77
2021-01-08,0.64,0.67,0.69,0.79,0.84,0.84,0.85
2021-01-09,0.67,0.71,0.73,0.83,0.9,0.91,0.93
2021-01-10,0.7,0.74,0.76,0.86,0.96,0.97,0.99
2021-01-11,0.75,0.79,0.81,0.91,1.01,1.03,1.06
2021-01-12,0.79,0.83,0.84,0.94,1.04,1.06,1.1
2021-01-13,0.81,0.85,0.87,0.96,1.06,1.08,1.12
2021-01-14,0.83,0.87,0.88,0.97,1.06,1.09,1.13
2021-01-15,0.83,0.86,0.88,0.97,1.07,1.09,1.13
2021-01-16,0.81,0.85,0.86,0.96,1.06,1.08,1.12
2021-01-17,0.78,0.81,0.83,0.93,1.05,1.07,1.12
2021-01-18,0.77,0.78,0.78,0.89,1.02,1.05,1.13
2021-01-19,0.76,0.77,0.78,0.86,0.98,1,1.04
2021-01-20,0.74,0.76,0.77,0.84,0.95,0.97,1.01
2021-01-21,0.73,0.75,0.76,0.83,0.93,0.95,0.99
2021-01-22,0.71,0.73,0.74,0.82,0.91,0.93,0.98
2021-01-23,0.69,0.72,0.73,0.82,0.9,0.92,0.96
2021-01-24,0.67,0.7,0.71,0.8,0.89,0.91,0.94
2021-01-25,0.67,0.7,0.72,0.81,0.9,0.91,0.95
2021-01-26,0.7,0.74,0.76,0.86,0.95,0.97,1.01
2021-01-27,0.76,0.8,0.82,0.92,1.01,1.03,1.07
2021-01-28,0.81,0.85,0.87,0.96,1.06,1.07,1.13
2021-01-29,0.84,0.88,0.9,0.99,1.09,1.1,1.15
2021-01-30,0.86,0.9,0.92,1.02,1.11,1.13,1.17
2021-01-31,0.87,0.91,0.93,1.03,1.13,1.14,1.19
2021-02-01,0.91,0.95,0.96,1.06,1.17,1.19,1.23
2021-02-02,0.94,0.98,0.99,1.1,1.2,1.22,1.27
2021-02-03,0.97,1,1.02,1.13,1.24,1.26,1.3
2021-02-04,0.98,1.02,1.04,1.15,1.26,1.28,1.32
2021-02-05,0.99,1.02,1.05,1.16,1.27,1.29,1.34
2021-02-06,0.99,1.03,1.05,1.16,1.27,1.3,1.34
2021-02-07,0.95,0.99,1.01,1.13,1.24,1.27,1.32
2021-02-08,0.95,1,1.02,1.13,1.24,1.27,1.32
2021-02-09,0.97,1.01,1.03,1.14,1.26,1.28,1.33
2021-02-10,0.98,1.02,1.04,1.15,1.26,1.29,1.33
2021-02-11,0.95,1,1.01,1.12,1.24,1.26,1.31
2021-02-12,0.93,0.97,0.99,1.1,1.22,1.24,1.29
2021-02-13,0.91,0.95,0.97,1.08,1.19,1.21,1.27
2021-02-14,0.86,0.89,0.91,1.02,1.14,1.17,1.22
2021-02-15,0.85,0.89,0.91,1.02,1.13,1.16,1.2
2021-02-16,0.84,0.89,0.91,1.01,1.13,1.15,1.19
2021-02-17,0.83,0.87,0.89,0.99,1.11,1.13,1.17
2021-02-18,0.81,0.85,0.87,0.98,1.09,1.11,1.15
2021-02-19,0.81,0.85,0.86,0.97,1.08,1.1,1.15
2021-02-20,0.81,0.85,0.87,0.98,1.08,1.1,1.15
2021-02-21,0.79,0.82,0.84,0.94,1.05,1.07,1.12
2021-02-22,0.81,0.85,0.86,0.96,1.07,1.09,1.13
2021-02-23,0.84,0.88,0.9,1.01,1.12,1.14,1.17
2021-02-24,0.89,0.93,0.95,1.05,1.16,1.18,1.21
2021-02-25,0.92,0.96,0.98,1.09,1.19,1.21,1.25
2021-02-26,0.94,0.98,1,1.1,1.21,1.24,1.27
2021-02-27,0.95,0.99,1.01,1.11,1.23,1.25,1.29
2021-02-28,0.93,0.97,0.99,1.1,1.21,1.23,1.29
2021-03-01,0.95,0.99,1.01,1.11,1.23,1.25,1.3
2021-03-02,0.98,1.03,1.05,1.16,1.28,1.31,1.36
2021-03-03,1.02,1.06,1.08,1.19,1.31,1.34,1.4
2021-03-04,1.03,1.07,1.09,1.21,1.33,1.35,1.41
2021-03-05,1.04,1.08,1.09,1.21,1.33,1.36,1.4
2021-03-06,1.04,1.08,1.1,1.22,1.33,1.36,1.41
2021-03-07,1.02,1.06,1.08,1.2,1.32,1.35,1.4
2021-03-08,1.04,1.08,1.1,1.22,1.34,1.36,1.41
2021-03-09,1.05,1.1,1.12,1.24,1.36,1.38,1.43
2021-03-10,1.07,1.12,1.14,1.25,1.38,1.4,1.45
2021-03-11,1.07,1.12,1.14,1.25,1.37,1.4,1.45
2021-03-12,1.08,1.12,1.14,1.25,1.38,1.4,1.45
2021-03-13,1.07,1.11,1.13,1.25,1.37,1.4,1.45
2021-03-14,1.03,1.08,1.1,1.21,1.34,1.36,1.41
2021-03-15,1.02,1.07,1.09,1.21,1.33,1.35,1.4
2021-03-16,1.03,1.07,1.09,1.21,1.33,1.36,1.4
2021-03-17,1.05,1.1,1.12,1.24,1.36,1.38,1.43
2021-03-18,1.08,1.12,1.14,1.26,1.39,1.41,1.46
2021-03-19,1.1,1.14,1.17,1.29,1.41,1.43,1.49
2021-03-20,1.11,1.15,1.17,1.29,1.42,1.44,1.49
2021-03-21,1.1,1.14,1.16,1.28,1.4,1.44,1.48
2021-03-22,1.1,1.14,1.16,1.28,1.4,1.43,1.48
2021-03-23,1.12,1.17,1.19,1.31,1.43,1.46,1.51
2021-03-24,1.16,1.21,1.23,1.35,1.48,1.5,1.56
2021-03-25,1.18,1.22,1.24,1.36,1.49,1.52,1.58
2021-03-26,1.18,1.22,1.24,1.36,1.49,1.51,1.58
2021-03-27,1.17,1.21,1.24,1.36,1.48,1.51,1.57
2021-03-28,1.15,1.19,1.22,1.34,1.46,1.49,1.54
2021-03-29,1.13,1.18,1.21,1.33,1.45,1.48,1.54
2021-03-30,1.15,1.2,1.22,1.34,1.47,1.5,1.55
2021-03-31,1.16,1.21,1.23,1.36,1.48,1.51,1.56
2021-04-01,1.17,1.22,1.24,1.36,1.49,1.52,1.57
2021-04-02,1.17,1.22,1.24,1.36,1.49,1.52,1.57
2021-04-03,1.17,1.22,1.24,1.36,1.49,1.52,1.57
2021-04-04,1.15,1.19,1.22,1.34,1.46,1.49,1.54
2021-04-05,1.11,1.16,1.18,1.31,1.44,1.46,1.51
2021-04-06,1.12,1.16,1.18,1.31,1.44,1.46,1.51
2021-04-07,1.13,1.17,1.2,1.32,1.45,1.47,1.52
2021-04-08,1.13,1.18,1.2,1.32,1.45,1.47,1.53
2021-04-09,1.13,1.17,1.19,1.31,1.44,1.46,1.52
2021-04-10,1.09,1.13,1.16,1.28,1.41,1.43,1.48
2021-04-11,1.06,1.09,1.11,1.23,1.36,1.39,1.44
2021-04-12,1.03,1.06,1.08,1.2,1.33,1.35,1.41
2021-04-13,1.01,1.05,1.07,1.19,1.31,1.34,1.39
2021-04-14,1,1.05,1.07,1.19,1.31,1.33,1.39
2021-04-15,0.99,1.04,1.06,1.17,1.29,1.32,1.37
2021-04-16,0.99,1.03,1.05,1.16,1.28,1.3,1.35
2021-04-17,0.97,1.01,1.03,1.15,1.26,1.29,1.33
2021-04-18,0.93,0.97,0.99,1.1,1.22,1.24,1.29
2021-04-19,0.89,0.93,0.95,1.06,1.17,1.2,1.24
2021-04-20,0.88,0.92,0.94,1.05,1.16,1.18,1.23
2021-04-21,0.87,0.91,0.93,1.04,1.15,1.17,1.22
2021-04-22,0.84,0.87,0.9,1,1.11,1.13,1.18
2021-04-23,0.79,0.83,0.85,0.95,1.06,1.08,1.13
2021-04-24,0.72,0.75,0.77,0.87,0.98,1.01,1.05
2021-04-25,0.66,0.69,0.7,0.8,0.91,0.93,0.98
2021-04-26,0.61,0.64,0.65,0.75,0.85,0.87,0.91
2021-04-27,0.61,0.64,0.66,0.75,0.85,0.87,0.91
2021-04-28,0.61,0.64,0.66,0.75,0.84,0.86,0.9
2021-04-29,0.6,0.64,0.65,0.74,0.83,0.85,0.88
2021-04-30,0.58,0.61,0.62,0.71,0.8,0.82,0.86
2021-05-01,0.55,0.58,0.59,0.68,0.77,0.78,0.82
2021-05-02,0.52,0.55,0.56,0.64,0.73,0.75,0.78
2021-05-03,0.5,0.53,0.54,0.62,0.7,0.72,0.76
2021-05-04,0.51,0.55,0.57,0.65,0.73,0.75,0.78
2021-05-05,0.54,0.57,0.58,0.66,0.74,0.76,0.79
2021-05-06,0.53,0.56,0.58,0.65,0.73,0.75,0.78
2021-05-07,0.53,0.55,0.56,0.64,0.72,0.74,0.77
2021-05-08,0.51,0.53,0.54,0.62,0.7,0.72,0.75
2021-05-09,0.48,0.5,0.51,0.59,0.67,0.69,0.72
2021-05-10,0.45,0.47,0.48,0.56,0.64,0.65,0.69
2021-05-11,0.45,0.48,0.49,0.56,0.64,0.65,0.68
2021-05-12,0.45,0.47,0.49,0.56,0.63,0.65,0.68
2021-05-13,0.45,0.47,0.48,0.55,0.62,0.64,0.67
2021-05-14,0.45,0.47,0.49,0.56,0.63,0.64,0.68
2021-05-15,0.47,0.49,0.5,0.57,0.65,0.66,0.69
2021-05-16,0.48,0.51,0.52,0.59,0.66,0.68,0.71
2021-05-17,0.5,0.52,0.53,0.61,0.68,0.69,0.72
2021-05-18,0.54,0.57,0.58,0.66,0.73,0.75,0.78
2021-05-19,0.58,0.61,0.63,0.7,0.78,0.8,0.83
2021-05-20,0.6,0.63,0.64,0.72,0.8,0.81,0.84
2021-05-21,0.62,0.65,0.66,0.74,0.82,0.84,0.87
2021-05-22,0.62,0.66,0.67,0.75,0.83,0.85,0.88
2021-05-23,0.62,0.65,0.67,0.75,0.84,0.85,0.89
2021-05-24,0.61,0.65,0.67,0.75,0.83,0.85,0.89
2021-05-25,0.66,0.69,0.71,0.79,0.88,0.9,0.93
2021-05-26,0.69,0.72,0.73,0.82,0.91,0.93,0.96
2021-05-27,0.71,0.74,0.76,0.85,0.94,0.96,0.99
2021-05-28,0.72,0.75,0.77,0.86,0.95,0.97,1.01
2021-05-29,0.73,0.76,0.78,0.87,0.96,0.98,1.02
2021-05-30,0.73,0.75,0.77,0.86,0.96,0.98,1.02
2021-05-31,0.71,0.74,0.76,0.85,0.95,0.96,1.01
2021-06-01,0.72,0.75,0.77,0.86,0.96,0.98,1.01
2021-06-02,0.74,0.77,0.78,0.87,0.97,0.99,1.03
2021-06-03,0.74,0.77,0.78,0.87,0.97,0.99,1.03
2021-06-04,0.73,0.76,0.78,0.87,0.97,0.98,1.02
2021-06-05,0.73,0.76,0.78,0.86,0.96,0.98,1.02
2021-06-06,0.7,0.73,0.75,0.84,0.94,0.96,1
2021-06-07,0.7,0.73,0.75,0.84,0.93,0.95,0.99
2021-06-08,0.73,0.76,0.78,0.87,0.97,0.99,1.02
2021-06-09,0.76,0.79,0.8,0.9,1,1.01,1.05
2021-06-10,0.78,0.81,0.83,0.92,1.02,1.04,1.07
2021-06-11,0.79,0.83,0.84,0.94,1.04,1.06,1.09
2021-06-12,0.8,0.83,0.85,0.95,1.05,1.07,1.11
2021-06-13,0.78,0.81,0.82,0.93,1.03,1.05,1.09
2021-06-14,0.78,0.81,0.83,0.93,1.03,1.05,1.09
2021-06-15,0.79,0.83,0.84,0.94,1.05,1.07,1.11
2021-06-16,0.82,0.85,0.87,0.97,1.07,1.09,1.14
2021-06-17,0.83,0.86,0.88,0.98,1.08,1.1,1.15
2021-06-18,0.82,0.86,0.88,0.97,1.08,1.1,1.14
2021-06-19,0.82,0.85,0.87,0.97,1.07,1.09,1.14
2021-06-20,0.8,0.84,0.86,0.95,1.06,1.08,1.12
2021-06-21,0.8,0.83,0.85,0.95,1.05,1.07,1.12
2021-06-22,0.82,0.86,0.87,0.97,1.08,1.1,1.14
2021-06-23,0.83,0.87,0.89,0.99,1.09,1.12,1.16
2021-06-24,0.84,0.88,0.89,1,1.1,1.12,1.17
2021-06-25,0.85,0.88,0.9,1,1.1,1.13,1.17
2021-06-26,0.84,0.87,0.89,0.99,1.09,1.12,1.16
2021-06-27,0.81,0.85,0.87,0.97,1.07,1.09,1.14
2021-06-28,0.81,0.85,0.86,0.97,1.07,1.09,1.13
2021-06-29,0.83,0.87,0.89,0.98,1.09,1.11,1.15
2021-06-30,0.83,0.87,0.89,0.99,1.1,1.12,1.16
2021-07-01,0.83,0.87,0.89,0.99,1.09,1.12,1.16
2021-07-02,0.82,0.85,0.87,0.97,1.08,1.09,1.14
2021-07-03,0.79,0.82,0.84,0.94,1.05,1.07,1.11
2021-07-04,0.77,0.79,0.81,0.92,1.02,1.04,1.09
2021-07-05,0.76,0.79,0.81,0.91,1.01,1.03,1.08
2021-07-06,0.78,0.82,0.83,0.93,1.04,1.06,1.1
2021-07-07,0.8,0.83,0.85,0.95,1.05,1.07,1.12
2021-07-08,0.81,0.84,0.86,0.97,1.07,1.09,1.13
2021-07-09,0.84,0.88,0.89,1,1.1,1.12,1.17
2021-07-10,0.86,0.89,0.91,1.02,1.12,1.14,1.19
2021-07-11,0.87,0.9,0.92,1.03,1.13,1.15,1.19
2021-07-12,0.87,0.91,0.93,1.04,1.14,1.16,1.2
2021-07-13,0.9,0.95,0.97,1.07,1.18,1.2,1.24
2021-07-14,0.95,0.99,1.01,1.12,1.23,1.26,1.29
2021-07-15,1,1.04,1.06,1.17,1.29,1.3,1.34
2021-07-16,1.02,1.06,1.08,1.19,1.31,1.34,1.37
2021-07-17,1.05,1.09,1.11,1.22,1.34,1.37,1.41
2021-07-18,1.07,1.11,1.13,1.25,1.36,1.39,1.44
2021-07-19,1.07,1.12,1.14,1.25,1.37,1.4,1.45
2021-07-20,1.1,1.14,1.16,1.28,1.4,1.43,1.48
2021-07-21,1.1,1.14,1.16,1.28,1.4,1.43,1.48
2021-07-22,1.12,1.16,1.18,1.3,1.43,1.45,1.5
2021-07-23,1.15,1.2,1.22,1.35,1.48,1.5,1.55
2021-07-24,1.2,1.25,1.27,1.4,1.53,1.56,1.61
2021-07-25,1.26,1.3,1.33,1.46,1.59,1.61,1.66
2021-07-26,1.32,1.37,1.4,1.53,1.66,1.69,1.74
2021-07-27,1.39,1.44,1.47,1.6,1.74,1.77,1.84
2021-07-28,1.46,1.52,1.54,1.68,1.82,1.85,1.89
2021-07-29,1.5,1.55,1.57,1.71,1.86,1.88,1.92
2021-07-30,1.5,1.55,1.57,1.71,1.86,1.89,1.94
2021-07-31,1.48,1.53,1.55,1.69,1.85,1.87,1.93
2021-08-01,1.41,1.47,1.5,1.64,1.79,1.82,1.89
2021-08-02,1.37,1.4,1.44,1.59,1.74,1.77,1.83
2021-08-03,1.32,1.36,1.4,1.55,1.7,1.73,1.79
2021-08-04,1.27,1.33,1.36,1.52,1.67,1.69,1.75
2021-08-05,1.21,1.25,1.28,1.44,1.6,1.62,1.68
2021-08-06,1.14,1.18,1.2,1.35,1.52,1.55,1.61
2021-08-07,1.08,1.12,1.14,1.28,1.44,1.47,1.53
2021-08-08,1.01,1.04,1.06,1.19,1.33,1.36,1.43
2021-08-09,0.95,0.98,1,1.13,1.25,1.28,1.33
2021-08-10,0.92,0.96,0.99,1.1,1.23,1.25,1.3
2021-08-11,0.91,0.95,0.97,1.09,1.2,1.23,1.27
2021-08-12,0.86,0.9,0.91,1.02,1.13,1.16,1.21
2021-08-13,0.81,0.84,0.86,0.96,1.07,1.09,1.14
2021-08-14,0.75,0.79,0.8,0.9,1.01,1.03,1.07
2021-08-15,0.7,0.73,0.75,0.85,0.95,0.97,1.01
2021-08-16,0.66,0.69,0.71,0.8,0.9,0.92,0.96
2021-08-17,0.66,0.7,0.72,0.81,0.91,0.93,0.97
2021-08-18,0.67,0.7,0.72,0.81,0.9,0.92,0.96
2021-08-19,0.67,0.7,0.72,0.81,0.9,0.92,0.96
2021-08-20,0.68,0.71,0.73,0.82,0.91,0.93,0.96
2021-08-21,0.69,0.72,0.73,0.82,0.92,0.94,0.98
2021-08-22,0.69,0.72,0.74,0.83,0.93,0.94,0.99
2021-08-23,0.7,0.73,0.75,0.84,0.94,0.96,1
2021-08-24,0.72,0.75,0.77,0.86,0.96,0.98,1.02
2021-08-25,0.74,0.78,0.8,0.89,0.98,1,1.05
2021-08-26,0.76,0.8,0.82,0.91,1.01,1.03,1.06
2021-08-27,0.77,0.81,0.82,0.92,1.01,1.04,1.08
2021-08-28,0.78,0.81,0.83,0.92,1.02,1.04,1.08
2021-08-29,0.77,0.81,0.83,0.92,1.02,1.04,1.08
2021-08-30,0.79,0.83,0.85,0.95,1.05,1.07,1.11
2021-08-31,0.83,0.87,0.89,0.99,1.1,1.12,1.16
2021-09-01,0.88,0.92,0.94,1.05,1.16,1.17,1.21
2021-09-02,0.93,0.96,0.98,1.09,1.2,1.21,1.26
2021-09-03,0.95,0.99,1.01,1.12,1.23,1.24,1.3
2021-09-04,0.94,0.98,1,1.11,1.22,1.24,1.28
2021-09-05,0.92,0.96,0.98,1.09,1.21,1.23,1.27
2021-09-06,0.91,0.95,0.97,1.09,1.2,1.22,1.27
2021-09-07,0.93,0.98,1,1.11,1.22,1.24,1.29
2021-09-08,0.95,1,1.01,1.12,1.24,1.26,1.31
2021-09-09,0.96,1,1.02,1.13,1.24,1.27,1.31
2021-09-10,0.96,1,1.02,1.13,1.25,1.27,1.32
2021-09-11,0.95,0.99,1.01,1.12,1.24,1.26,1.31
2021-09-12,0.92,0.97,0.98,1.09,1.21,1.23,1.28
2021-09-13,0.93,0.97,0.99,1.1,1.21,1.24,1.28
2021-09-14,0.95,0.99,1.01,1.13,1.24,1.27,1.31
2021-09-15,0.98,1.02,1.04,1.15,1.26,1.29,1.33
2021-09-16,0.99,1.03,1.05,1.16,1.27,1.3,1.34
2021-09-17,0.99,1.03,1.05,1.16,1.27,1.3,1.35
2021-09-18,0.98,1.01,1.03,1.14,1.26,1.28,1.33
2021-09-19,0.96,0.99,1.01,1.13,1.24,1.26,1.31
2021-09-20,0.95,0.99,1.01,1.12,1.23,1.25,1.3
2021-09-21,0.95,0.99,1.01,1.12,1.24,1.26,1.3
2021-09-22,0.94,0.98,1,1.11,1.22,1.25,1.29
2021-09-23,0.92,0.96,0.98,1.09,1.21,1.23,1.28
2021-09-24,0.91,0.95,0.97,1.07,1.19,1.21,1.26
2021-09-25,0.88,0.92,0.94,1.05,1.16,1.18,1.23
2021-09-26,0.84,0.9,0.92,1.02,1.13,1.15,1.2
2021-09-27,0.85,0.89,0.91,1.01,1.12,1.14,1.19
2021-09-28,0.85,0.89,0.91,1.01,1.13,1.15,1.19
2021-09-29,0.86,0.9,0.91,1.02,1.13,1.16,1.2
2021-09-30,0.86,0.9,0.92,1.02,1.13,1.16,1.2
2021-10-01,0.86,0.9,0.92,1.03,1.13,1.16,1.2
2021-10-02,0.85,0.89,0.91,1.02,1.12,1.15,1.19
2021-10-03,0.84,0.88,0.9,1.01,1.11,1.13,1.17
2021-10-04,0.85,0.88,0.9,1.01,1.12,1.14,1.18
2021-10-05,0.85,0.89,0.91,1.02,1.13,1.15,1.18
2021-10-06,0.87,0.9,0.92,1.03,1.13,1.16,1.19
2021-10-07,0.87,0.91,0.93,1.03,1.14,1.16,1.21
2021-10-08,0.88,0.92,0.93,1.04,1.14,1.16,1.22
2021-10-09,0.87,0.91,0.92,1.03,1.14,1.16,1.2
2021-10-10,0.86,0.89,0.91,1.02,1.13,1.15,1.19
2021-10-11,0.86,0.9,0.92,1.02,1.13,1.15,1.2
2021-10-12,0.89,0.92,0.94,1.05,1.16,1.18,1.22
2021-10-13,0.89,0.93,0.95,1.05,1.16,1.18,1.23
2021-10-14,0.89,0.93,0.95,1.05,1.16,1.18,1.23
2021-10-15,0.88,0.92,0.94,1.05,1.16,1.17,1.22
2021-10-16,0.86,0.9,0.92,1.03,1.14,1.16,1.2
2021-10-17,0.81,0.85,0.87,0.98,1.09,1.11,1.16
2021-10-18,0.81,0.85,0.87,0.97,1.08,1.11,1.15
2021-10-19,0.82,0.86,0.88,0.99,1.09,1.12,1.16
2021-10-20,0.83,0.87,0.89,0.99,1.09,1.12,1.16
2021-10-21,0.82,0.86,0.88,0.98,1.09,1.11,1.15
2021-10-22,0.82,0.85,0.87,0.97,1.08,1.1,1.14
2021-10-23,0.8,0.84,0.85,0.96,1.06,1.08,1.12
2021-10-24,0.77,0.81,0.83,0.93,1.04,1.05,1.1
2021-10-25,0.78,0.81,0.83,0.93,1.04,1.06,1.1
2021-10-26,0.8,0.83,0.85,0.95,1.06,1.08,1.12
2021-10-27,0.8,0.84,0.85,0.95,1.06,1.08,1.13
2021-10-28,0.79,0.82,0.84,0.94,1.04,1.06,1.11
2021-10-29,0.77,0.81,0.83,0.93,1.03,1.05,1.09
2021-10-30,0.75,0.79,0.81,0.9,1.01,1.03,1.07
2021-10-31,0.75,0.78,0.8,0.9,1,1.02,1.06
2021-11-01,0.78,0.81,0.83,0.93,1.04,1.06,1.09
2021-11-02,0.81,0.85,0.87,0.97,1.08,1.1,1.13
2021-11-03,0.85,0.88,0.9,1.01,1.11,1.13,1.16
2021-11-04,0.87,0.91,0.93,1.03,1.13,1.15,1.19
2021-11-05,0.88,0.92,0.94,1.04,1.15,1.17,1.21
2021-11-06,0.88,0.92,0.94,1.04,1.15,1.17,1.21
2021-11-07,0.86,0.9,0.92,1.02,1.13,1.16,1.2
2021-11-08,0.86,0.9,0.92,1.03,1.14,1.16,1.21
2021-11-09,0.87,0.91,0.93,1.04,1.15,1.17,1.21
2021-11-10,0.87,0.91,0.93,1.03,1.14,1.16,1.21
2021-11-11,0.85,0.89,0.9,1.01,1.12,1.14,1.18
2021-11-12,0.82,0.86,0.88,0.98,1.09,1.11,1.15
2021-11-13,0.79,0.83,0.84,0.94,1.05,1.08,1.13
2021-11-14,0.77,0.8,0.81,0.91,1.01,1.04,1.09
2021-11-15,0.76,0.79,0.81,0.91,1.01,1.03,1.07
2021-11-16,0.77,0.8,0.82,0.92,1.02,1.05,1.09
2021-11-17,0.77,0.8,0.82,0.92,1.03,1.05,1.09
2021-11-18,0.76,0.79,0.81,0.91,1.02,1.04,1.08
2021-11-19,0.77,0.81,0.82,0.92,1.02,1.05,1.09
2021-11-20,0.78,0.81,0.83,0.93,1.03,1.05,1.09
2021-11-21,0.77,0.8,0.82,0.92,1.02,1.04,1.09
2021-11-22,0.79,0.83,0.84,0.94,1.04,1.07,1.11
2021-11-23,0.83,0.87,0.89,0.99,1.1,1.12,1.16
2021-11-24,0.87,0.9,0.92,1.03,1.13,1.16,1.19
2021-11-25,0.87,0.91,0.93,1.03,1.14,1.16,1.2
2021-11-26,0.87,0.91,0.93,1.03,1.13,1.15,1.19
2021-11-27,0.86,0.9,0.92,1.02,1.13,1.15,1.19
2021-11-28,0.84,0.88,0.9,1,1.11,1.13,1.17
2021-11-29,0.85,0.88,0.9,1.01,1.11,1.13,1.18
2021-11-30,0.86,0.89,0.91,1.02,1.12,1.14,1.19
2021-12-01,0.84,0.88,0.9,1,1.11,1.13,1.17
2021-12-02,0.82,0.86,0.88,0.98,1.09,1.11,1.16
2021-12-03,0.81,0.84,0.86,0.97,1.08,1.1,1.14
2021-12-04,0.79,0.82,0.84,0.94,1.05,1.07,1.12
2021-12-05,0.76,0.8,0.82,0.92,1.02,1.04,1.08
2021-12-06,0.75,0.79,0.81,0.9,1,1.03,1.08
2021-12-07,0.77,0.8,0.82,0.92,1.02,1.05,1.09
2021-12-08,0.77,0.81,0.83,0.93,1.02,1.05,1.1
2021-12-09,0.77,0.8,0.82,0.92,1.02,1.04,1.08
2021-12-10,0.76,0.79,0.81,0.9,1,1.02,1.07
2021-12-11,0.75,0.79,0.8,0.9,1,1.02,1.07
2021-12-12,0.74,0.77,0.79,0.89,0.99,1.01,1.04
2021-12-13,0.74,0.78,0.8,0.89,0.99,1.01,1.05
2021-12-14,0.77,0.81,0.83,0.93,1.03,1.05,1.08
2021-12-15,0.79,0.83,0.84,0.94,1.04,1.06,1.1
2021-12-16,0.78,0.82,0.84,0.94,1.04,1.06,1.1
2021-12-17,0.78,0.82,0.84,0.93,1.04,1.06,1.09
2021-12-18,0.78,0.82,0.83,0.93,1.03,1.05,1.09
2021-12-19,0.77,0.81,0.82,0.92,1.02,1.04,1.08
2021-12-20,0.79,0.82,0.84,0.93,1.04,1.06,1.1
2021-12-21,0.81,0.84,0.86,0.96,1.06,1.08,1.12
2021-12-22,0.82,0.86,0.88,0.97,1.08,1.1,1.14
2021-12-23,0.83,0.87,0.88,0.98,1.09,1.11,1.15
2021-12-24,0.84,0.87,0.89,0.99,1.1,1.12,1.16
2021-12-25,0.86,0.9,0.92,1.02,1.13,1.14,1.19
2021-12-26,0.87,0.91,0.93,1.03,1.14,1.16,1.2
2021-12-27,0.92,0.96,0.99,1.1,1.21,1.23,1.29
2021-12-28,0.96,1.01,1.04,1.18,1.3,1.34,1.39
2021-12-29,1.01,1.09,1.12,1.27,1.42,1.43,1.45
2021-12-30,1.13,1.21,1.24,1.38,1.49,1.5,1.51
2021-12-31,1.25,1.3,1.33,1.46,1.54,1.55,1.56
2022-01-01,1.27,1.32,1.35,1.48,1.58,1.59,1.61
2022-01-02,1.24,1.3,1.32,1.46,1.6,1.62,1.65
2022-01-03,1.28,1.33,1.35,1.49,1.63,1.65,1.69
2022-01-04,1.34,1.39,1.42,1.55,1.68,1.7,1.74
2022-01-05,1.41,1.47,1.49,1.63,1.75,1.77,1.82
2022-01-06,1.47,1.52,1.55,1.68,1.79,1.81,1.86
2022-01-07,1.47,1.52,1.54,1.68,1.8,1.83,1.88
2022-01-08,1.46,1.5,1.53,1.67,1.8,1.83,1.87
2022-01-09,1.39,1.45,1.48,1.62,1.77,1.8,1.85
2022-01-10,1.34,1.39,1.42,1.57,1.71,1.75,1.81
2022-01-11,1.31,1.36,1.39,1.54,1.67,1.71,1.77
2022-01-12,1.29,1.33,1.36,1.5,1.64,1.67,1.73
2022-01-13,1.24,1.28,1.31,1.45,1.59,1.62,1.68
2022-01-14,1.17,1.22,1.24,1.37,1.52,1.55,1.6
2022-01-15,1.1,1.14,1.16,1.28,1.43,1.46,1.53
2022-01-16,1.01,1.05,1.07,1.2,1.35,1.38,1.46
2022-01-17,0.95,0.98,1,1.12,1.24,1.27,1.33
2022-01-18,0.9,0.94,0.96,1.08,1.2,1.22,1.27
2022-01-19,0.87,0.92,0.94,1.05,1.17,1.19,1.24
2022-01-20,0.86,0.9,0.92,1.03,1.14,1.16,1.21
2022-01-21,0.84,0.88,0.9,1.01,1.12,1.15,1.19
2022-01-22,0.83,0.87,0.89,1,1.11,1.13,1.18
2022-01-23,0.8,0.83,0.86,0.96,1.07,1.1,1.13
2022-01-24,0.78,0.82,0.84,0.94,1.05,1.07,1.11
2022-01-25,0.79,0.83,0.85,0.96,1.06,1.08,1.12
2022-01-26,0.81,0.85,0.87,0.97,1.07,1.1,1.13
2022-01-27,0.83,0.87,0.89,0.99,1.1,1.12,1.16
2022-01-28,0.86,0.91,0.93,1.04,1.15,1.17,1.19
2022-01-29,0.91,0.95,0.97,1.08,1.18,1.19,1.21
2022-01-30,0.92,0.96,0.98,1.09,1.19,1.2,1.24
2022-01-31,0.95,0.98,1.01,1.11,1.21,1.22,1.26
2022-02-01,0.98,1.02,1.04,1.14,1.24,1.26,1.3
2022-02-02,1.02,1.05,1.07,1.18,1.27,1.29,1.33
2022-02-03,1.03,1.07,1.09,1.19,1.3,1.31,1.35
2022-02-04,1.04,1.08,1.1,1.21,1.32,1.34,1.38
2022-02-05,1.02,1.06,1.08,1.19,1.31,1.33,1.37
2022-02-06,0.98,1.01,1.03,1.15,1.27,1.29,1.34
2022-02-07,0.95,0.99,1.01,1.12,1.24,1.26,1.31
2022-02-08,0.95,0.99,1.01,1.13,1.25,1.27,1.31
2022-02-09,0.95,0.99,1.01,1.12,1.24,1.27,1.31
2022-02-10,0.92,0.96,0.98,1.09,1.21,1.24,1.28
2022-02-11,0.89,0.93,0.95,1.06,1.18,1.2,1.24
2022-02-12,0.85,0.88,0.9,1.01,1.12,1.14,1.19
2022-02-13,0.78,0.81,0.83,0.94,1.05,1.08,1.13
2022-02-14,0.72,0.76,0.79,0.89,1,1.02,1.06
2022-02-15,0.75,0.79,0.81,0.9,1.01,1.03,1.07
2022-02-16,0.76,0.8,0.82,0.91,1.02,1.04,1.08
2022-02-17,0.78,0.81,0.82,0.92,1.03,1.04,1.08
2022-02-18,0.77,0.8,0.82,0.92,1.02,1.04,1.07
2022-02-19,0.75,0.79,0.81,0.9,1.01,1.02,1.06
2022-02-20,0.72,0.75,0.77,0.87,0.97,0.99,1.03
2022-02-21,0.73,0.76,0.78,0.88,0.98,1,1.04
2022-02-22,0.75,0.78,0.8,0.9,1,1.02,1.06
2022-02-23,0.77,0.8,0.82,0.91,1.02,1.04,1.07
2022-02-24,0.77,0.8,0.82,0.92,1.02,1.04,1.08
2022-02-25,0.75,0.79,0.8,0.9,1,1.02,1.06
2022-02-26,0.71,0.75,0.76,0.86,0.96,0.98,1.02
2022-02-27,0.64,0.68,0.7,0.8,0.9,0.93,0.99
2022-02-28,0.65,0.68,0.7,0.8,0.9,0.92,0.97
2022-03-01,0.65,0.68,0.7,0.79,0.89,0.91,0.95
2022-03-02,0.64,0.68,0.69,0.78,0.87,0.89,0.93
2022-03-03,0.62,0.65,0.67,0.76,0.85,0.87,0.9
2022-03-04,0.57,0.6,0.61,0.7,0.8,0.82,0.86
2022-03-05,0.51,0.53,0.55,0.64,0.73,0.75,0.8
2022-03-06,0.44,0.48,0.49,0.57,0.66,0.68,0.72
2022-03-07,0.46,0.48,0.5,0.57,0.66,0.67,0.71
2022-03-08,0.47,0.5,0.52,0.61,0.69,0.7,0.74
2022-03-09,0.5,0.53,0.55,0.62,0.7,0.71,0.75
2022-03-10,0.51,0.54,0.55,0.62,0.7,0.71,0.75
2022-03-11,0.5,0.52,0.54,0.61,0.69,0.7,0.74
2022-03-12,0.47,0.49,0.51,0.58,0.66,0.67,0.71
2022-03-13,0.44,0.46,0.47,0.54,0.62,0.63,0.67
2022-03-14,0.46,0.49,0.5,0.58,0.66,0.68,0.72
2022-03-15,0.5,0.53,0.55,0.63,0.72,0.73,0.78
2022-03-16,0.54,0.57,0.58,0.66,0.75,0.76,0.81
2022-03-17,0.56,0.59,0.61,0.69,0.77,0.79,0.82
2022-03-18,0.57,0.6,0.62,0.7,0.78,0.8,0.84
2022-03-19,0.58,0.61,0.62,0.7,0.78,0.8,0.84
2022-03-20,0.55,0.57,0.59,0.67,0.76,0.78,0.83
2022-03-21,0.55,0.57,0.59,0.67,0.75,0.77,0.81
2022-03-22,0.58,0.61,0.62,0.71,0.79,0.81,0.84
2022-03-23,0.62,0.65,0.66,0.74,0.83,0.85,0.88
2022-03-24,0.65,0.68,0.69,0.78,0.87,0.88,0.92
2022-03-25,0.67,0.69,0.71,0.8,0.89,0.9,0.94
2022-03-26,0.67,0.7,0.71,0.8,0.89,0.91,0.95
2022-03-27,0.63,0.67,0.69,0.78,0.87,0.89,0.93
2022-03-28,0.66,0.7,0.71,0.8,0.9,0.92,0.96
2022-03-29,0.72,0.75,0.76,0.86,0.95,0.97,1.01
2022-03-30,0.75,0.78,0.8,0.89,0.98,1.01,1.04
2022-03-31,0.77,0.8,0.82,0.91,1.01,1.03,1.06
2022-04-01,0.77,0.8,0.82,0.92,1.02,1.04,1.07
2022-04-02,0.76,0.79,0.81,0.9,1,1.02,1.07
2022-04-03,0.73,0.75,0.77,0.86,0.99,1.01,1.07
2022-04-04,0.73,0.76,0.78,0.87,0.99,1.01,1.06
2022-04-05,0.74,0.77,0.79,0.88,0.99,1.01,1.06
2022-04-06,0.72,0.75,0.77,0.86,0.96,0.99,1.03
2022-04-07,0.69,0.72,0.73,0.83,0.93,0.96,1
2022-04-08,0.63,0.66,0.68,0.78,0.89,0.92,0.98
2022-04-09,0.57,0.61,0.63,0.71,0.82,0.84,0.9
2022-04-10,0.52,0.54,0.56,0.65,0.74,0.77,0.82
2022-04-11,0.51,0.54,0.55,0.64,0.73,0.75,0.79
2022-04-12,0.52,0.55,0.56,0.64,0.73,0.75,0.78
2022-04-13,0.5,0.53,0.54,0.62,0.71,0.72,0.76
2022-04-14,0.49,0.52,0.53,0.61,0.69,0.7,0.74
2022-04-15,0.47,0.49,0.51,0.58,0.66,0.68,0.71
2022-04-16,0.45,0.48,0.49,0.56,0.64,0.66,0.69
2022-04-17,0.42,0.45,0.46,0.53,0.6,0.62,0.65
2022-04-18,0.43,0.47,0.49,0.56,0.64,0.66,0.7
2022-04-19,0.48,0.51,0.53,0.6,0.68,0.7,0.73
2022-04-20,0.5,0.53,0.54,0.61,0.69,0.71,0.74
2022-04-21,0.51,0.54,0.55,0.62,0.7,0.71,0.75
2022-04-22,0.51,0.53,0.54,0.62,0.69,0.71,0.75
2022-04-23,0.5,0.52,0.54,0.61,0.69,0.7,0.74
2022-04-24,0.47,0.5,0.52,0.59,0.67,0.68,0.72
2022-04-25,0.49,0.52,0.53,0.61,0.69,0.71,0.74
2022-04-26,0.51,0.54,0.55,0.63,0.71,0.73,0.76
2022-04-27,0.54,0.56,0.58,0.65,0.74,0.75,0.79
2022-04-28,0.55,0.58,0.59,0.67,0.75,0.77,0.8
2022-04-29,0.55,0.57,0.59,0.67,0.75,0.77,0.8
2022-04-30,0.54,0.56,0.58,0.66,0.74,0.76,0.79
2022-05-01,0.52,0.54,0.55,0.63,0.72,0.74,0.77
2022-05-02,0.49,0.52,0.53,0.61,0.69,0.71,0.75
2022-05-03,0.47,0.48,0.5,0.58,0.66,0.68,0.71
2022-05-04,0.45,0.47,0.48,0.56,0.64,0.65,0.69
2022-05-05,0.46,0.49,0.5,0.58,0.66,0.67,0.71
2022-05-06,0.47,0.5,0.52,0.63,0.74,0.75,0.77
2022-05-07,0.51,0.58,0.61,0.72,0.81,0.85,0.87
2022-05-08,0.63,0.67,0.68,0.78,0.87,0.9,0.91
2022-05-09,0.69,0.72,0.74,0.83,0.92,0.94,0.97
2022-05-10,0.76,0.79,0.81,0.9,1,1.01,1.03
2022-05-11,0.81,0.85,0.86,0.96,1.05,1.06,1.09
2022-05-12,0.86,0.9,0.92,1.01,1.1,1.11,1.15
2022-05-13,0.88,0.92,0.93,1.03,1.13,1.14,1.18
2022-05-14,0.88,0.91,0.93,1.03,1.14,1.16,1.19
2022-05-15,0.84,0.88,0.9,1.01,1.13,1.16,1.21
2022-05-16,0.83,0.86,0.88,0.98,1.1,1.12,1.18
2022-05-17,0.85,0.89,0.91,1.01,1.13,1.15,1.2
2022-05-18,0.86,0.89,0.91,1.02,1.13,1.15,1.19
2022-05-19,0.86,0.9,0.92,1.03,1.14,1.16,1.21
2022-05-20,0.84,0.9,0.92,1.04,1.16,1.18,1.24
2022-05-21,0.89,0.95,0.98,1.13,1.27,1.29,1.33
2022-05-22,0.76,0.78,0.8,1,1.19,1.22,1.28
2022-05-23,0.72,0.73,0.73,0.82,0.95,0.98,1.04
2022-05-24,0.7,0.73,0.75,0.87,0.99,1.01,1.07
2022-05-25,0.72,0.75,0.78,0.89,1.01,1.03,1.08
2022-05-26,0.76,0.8,0.81,0.92,1.03,1.05,1.09
2022-05-27,0.72,0.75,0.77,0.88,0.99,1.01,1.06
2022-05-28,0.7,0.73,0.75,0.85,0.96,0.98,1.02
2022-05-29,0.66,0.7,0.71,0.81,0.92,0.94,0.98
2022-05-30,0.66,0.68,0.7,0.8,0.9,0.92,0.96
2022-05-31,0.66,0.7,0.71,0.81,0.91,0.93,0.97
2022-06-01,0.63,0.67,0.69,0.8,0.92,0.94,0.98
2022-06-02,0.6,0.64,0.66,0.79,0.92,0.94,1
2022-06-03,0.56,0.61,0.63,0.78,0.92,0.95,1.01
2022-06-04,0.4,0.4,0.4,0.4,0.4,0.4,0.4
2022-06-05,0.52,0.52,0.52,0.52,0.52,0.52,0.52
2022-06-06,0.48,0.49,0.49,0.5,0.5,0.51,0.51
2022-06-07,0.44,0.45,0.45,0.47,0.49,0.49,0.5
2022-06-08,0.4,0.41,0.42,0.45,0.48,0.49,0.5
2022-06-09,0.36,0.38,0.39,0.43,0.47,0.48,0.5
2022-06-10,0.28,0.28,0.28,0.28,0.3,0.31,0.33
2022-06-11,0.21,0.22,0.22,0.23,0.24,0.24,0.24
2022-06-12,0.14,0.14,0.14,0.16,0.18,0.18,0.19
2022-06-13,0.1,0.1,0.1,0.11,0.13,0.14,0.15
2022-06-14,0.15,0.16,0.16,0.16,0.16,0.16,0.16
2022-06-15,0.13,0.14,0.14,0.15,0.16,0.16,0.16
2022-06-16,0.1,0.1,0.1,0.12,0.14,0.14,0.15
2022-06-17,0.1,0.1,0.1,0.1,0.11,0.12,0.13
2022-06-18,0.1,0.1,0.1,0.1,0.11,0.11,0.12
2022-06-19,0.1,0.1,0.1,0.1,0.12,0.12,0.13
2022-06-20,0.1,0.1,0.1,0.11,0.13,0.14,0.15
2022-06-21,0.1,0.1,0.1,0.12,0.15,0.16,0.17
2022-06-22,0.1,0.1,0.1,0.12,0.15,0.16,0.17
2022-06-23,0.1,0.1,0.1,0.12,0.15,0.16,0.18
2022-06-24,0.1,0.1,0.1,0.12,0.15,0.16,0.18
2022-06-25,0.1,0.1,0.1,0.12,0.16,0.17,0.2
2022-06-26,0.1,0.1,0.1,0.13,0.17,0.18,0.21
2022-06-27,0.3,0.3,0.3,0.31,0.31,0.31,0.31
2022-06-28,0.34,0.34,0.34,0.36,0.37,0.37,0.38
2022-06-29,0.39,0.39,0.39,0.4,0.42,0.42,0.42
2022-06-30,0.42,0.42,0.42,0.43,0.47,0.48,0.48
2022-07-01,0.44,0.44,0.45,0.47,0.51,0.53,0.54
2022-07-02,0.45,0.46,0.47,0.5,0.54,0.55,0.59
2022-07-03,0.47,0.48,0.49,0.54,0.59,0.6,0.65
2022-07-04,0.74,0.74,0.74,0.75,0.75,0.75,0.77
2022-07-05,0.79,0.8,0.8,0.81,0.82,0.83,0.86
2022-07-06,0.84,0.85,0.85,0.87,0.89,0.9,0.91
2022-07-07,0.88,0.89,0.89,0.92,0.96,0.96,0.98
2022-07-08,0.9,0.92,0.92,0.97,1.01,1.02,1.04
2022-07-09,0.92,0.95,0.96,1.02,1.08,1.09,1.11
2022-07-10,0.95,0.98,0.99,1.07,1.14,1.16,1.19
2022-07-11,0.97,1,1.02,1.11,1.2,1.22,1.26
2022-07-12,0.93,0.93,0.94,1.07,1.18,1.2,1.24
2022-07-13,1.41,1.41,1.41,1.41,1.41,1.41,1.41
2022-07-14,1.48,1.48,1.48,1.49,1.5,1.5,1.5
2022-07-15,1.53,1.54,1.54,1.56,1.58,1.58,1.59
2022-07-16,1.58,1.59,1.59,1.63,1.66,1.66,1.67
2022-07-17,1.62,1.63,1.64,1.69,1.73,1.74,1.76
2022-07-18,1.62,1.63,1.64,1.68,1.74,1.75,1.77
2022-07-19,1.66,1.67,1.67,1.69,1.73,1.74,1.77
2022-07-20,1.82,1.82,1.82,1.82,1.82,1.82,1.82
2022-07-21,1.85,1.85,1.85,1.86,1.87,1.87,1.87
2022-07-22,1.87,1.88,1.88,1.9,1.92,1.92,1.93
2022-07-23,1.89,1.9,1.9,1.93,1.97,1.97,1.98
2022-07-24,1.87,1.87,1.88,1.92,1.97,1.98,2
2022-07-25,1.86,1.86,1.86,1.88,1.94,1.96,1.98
2022-07-26,1.83,1.84,1.84,1.86,1.88,1.88,1.91
2022-07-27,1.8,1.81,1.81,1.84,1.87,1.88,1.91
2022-07-28,1.76,1.77,1.78,1.82,1.87,1.88,1.91
2022-07-29,1.76,1.78,1.79,1.87,2.03,2.05,2.05
2022-07-30,1.66,1.68,1.7,1.75,1.82,1.83,1.85
2022-07-31,1.63,1.66,1.66,1.69,1.72,1.73,1.75
2022-08-01,1.6,1.61,1.61,1.64,1.66,1.66,1.67
2022-08-02,1.53,1.54,1.55,1.58,1.62,1.63,1.64
2022-08-03,1.46,1.48,1.48,1.53,1.58,1.59,1.61
2022-08-04,1.38,1.4,1.42,1.48,1.54,1.55,1.58
2022-08-05,1.27,1.28,1.28,1.31,1.35,1.36,1.39
2022-08-06,1.32,1.32,1.32,1.32,1.32,1.32,1.32
2022-08-07,1.25,1.26,1.26,1.27,1.28,1.28,1.28
2022-08-08,1.18,1.19,1.19,1.21,1.23,1.24,1.24
2022-08-09,1.11,1.12,1.13,1.16,1.19,1.2,1.21
2022-08-10,1.03,1.05,1.06,1.1,1.15,1.16,1.18
2022-08-11,0.92,0.92,0.92,0.94,0.98,0.99,1.01
2022-08-12,0.82,0.82,0.82,0.83,0.85,0.86,0.87
2022-08-13,0.71,0.71,0.71,0.73,0.74,0.75,0.76
2022-08-14,0.59,0.6,0.6,0.63,0.66,0.67,0.68
2022-08-15,0.53,0.54,0.55,0.6,0.64,0.64,0.64
2022-08-16,0.55,0.56,0.56,0.59,0.6,0.6,0.61
2022-08-17,0.47,0.47,0.47,0.49,0.51,0.52,0.53
2022-08-18,0.38,0.38,0.38,0.41,0.42,0.43,0.43
2022-08-19,0.28,0.28,0.28,0.29,0.31,0.33,0.34
2022-08-20,0.17,0.18,0.18,0.2,0.23,0.25,0.27
2022-08-21,0.1,0.1,0.1,0.12,0.15,0.17,0.2
2022-08-22,0.1,0.1,0.1,0.1,0.1,0.1,0.13
2022-08-23,0.1,0.1,0.1,0.1,0.1,0.1,0.1
2022-08-24,0.1,0.1,0.1,0.1,0.1,0.11,0.11
2022-08-25,0.1,0.1,0.1,0.1,0.11,0.11,0.11
2022-08-26,0.1,0.1,0.1,0.11,0.12,0.12,0.12
2022-08-27,0.1,0.1,0.1,0.11,0.13,0.14,0.15
2022-08-28,0.1,0.1,0.1,0.12,0.15,0.16,0.17
2022-08-29,0.1,0.1,0.1,0.1,0.11,0.12,0.13
2022-08-30,0.1,0.1,0.1,0.1,0.11,0.11,0.12
2022-08-31,0.1,0.1,0.1,0.1,0.11,0.11,0.12
2022-09-01,0.1,0.1,0.1,0.11,0.12,0.13,0.14
2022-09-02,0.2,0.2,0.2,0.2,0.2,0.2,0.2
2022-09-03,0.23,0.23,0.23,0.24,0.25,0.25,0.25
2022-09-04,0.33,0.33,0.33,0.33,0.33,0.33,0.33
2022-09-05,0.38,0.39,0.39,0.4,0.4,0.41,0.41
2022-09-06,0.42,0.43,0.43,0.45,0.47,0.47,0.48
2022-09-07,0.47,0.48,0.48,0.51,0.55,0.55,0.56
2022-09-08,0.51,0.52,0.53,0.58,0.62,0.63,0.65
2022-09-09,0.55,0.57,0.58,0.64,0.7,0.71,0.73
2022-09-10,0.56,0.56,0.56,0.59,0.63,0.64,0.67
2022-09-11,0.78,0.78,0.78,0.78,0.78,0.78,0.78
2022-09-12,0.85,0.86,0.86,0.86,0.87,0.87,0.87
2022-09-13,0.92,0.93,0.93,0.95,0.96,0.96,0.97
2022-09-14,0.99,1,1.01,1.03,1.06,1.06,1.07
2022-09-15,1.05,1.07,1.07,1.11,1.15,1.16,1.17
2022-09-16,1.07,1.07,1.07,1.11,1.17,1.18,1.2
2022-09-17,1.1,1.11,1.11,1.12,1.15,1.16,1.19
2022-09-18,1.12,1.13,1.13,1.15,1.17,1.17,1.18
2022-09-19,1.14,1.15,1.15,1.18,1.21,1.22,1.23
2022-09-20,1.15,1.16,1.17,1.21,1.26,1.26,1.28
2022-09-21,1.15,1.17,1.18,1.24,1.3,1.31,1.33
2022-09-22,1.11,1.12,1.12,1.16,1.21,1.22,1.25
2022-09-23,1.11,1.12,1.12,1.13,1.14,1.14,1.17
2022-09-24,1.2,1.2,1.2,1.2,1.2,1.2,1.2
2022-09-25,1.2,1.2,1.2,1.21,1.22,1.22,1.22
2022-09-26,1.19,1.2,1.2,1.22,1.24,1.24,1.25
2022-09-27,1.18,1.19,1.2,1.23,1.26,1.27,1.28
2022-09-28,1.14,1.14,1.14,1.19,1.23,1.24,1.25
2022-09-29,1.11,1.11,1.11,1.13,1.16,1.17,1.19
2022-09-30,1.07,1.07,1.08,1.1,1.12,1.13,1.14
2022-10-01,1.02,1.03,1.04,1.07,1.11,1.11,1.13
2022-10-02,0.97,0.99,1,1.04,1.09,1.1,1.12
2022-10-03,0.93,0.95,0.96,1.02,1.08,1.09,1.12
2022-10-04,0.82,0.82,0.83,0.86,0.9,0.92,0.94
2022-10-05,0.75,0.75,0.75,0.79,0.81,0.81,0.84
2022-10-06,0.66,0.67,0.67,0.71,0.75,0.75,0.76
2022-10-07,0.58,0.59,0.59,0.64,0.7,0.71,0.72
2022-10-08,0.49,0.51,0.52,0.58,0.65,0.66,0.68
2022-10-09,0.57,0.64,0.65,0.68,0.7,0.7,0.72
2022-10-10,0.69,0.7,0.7,0.7,0.7,0.7,0.7
2022-10-11,0.68,0.68,0.69,0.7,0.71,0.71,0.71
2022-10-12,0.66,0.66,0.66,0.68,0.7,0.71,0.71
2022-10-13,0.63,0.64,0.64,0.67,0.71,0.71,0.73
2022-10-14,0.6,0.62,0.63,0.67,0.71,0.72,0.74
2022-10-15,0.58,0.6,0.6,0.66,0.72,0.73,0.76
2022-10-16,0.5,0.5,0.5,0.52,0.56,0.57,0.59
2022-10-17,0.44,0.45,0.45,0.46,0.48,0.49,0.5
2022-10-18,0.38,0.38,0.38,0.41,0.43,0.43,0.45
2022-10-19,0.31,0.32,0.33,0.36,0.4,0.4,0.42
2022-10-20,0.24,0.26,0.27,0.32,0.36,0.37,0.39
2022-10-21,0.17,0.2,0.21,0.27,0.33,0.35,0.37
2022-10-22,0.1,0.1,0.1,0.11,0.14,0.15,0.16
2022-10-23,0.1,0.1,0.1,0.1,0.1,0.1,0.1
2022-10-24,0.1,0.1,0.1,0.1,0.11,0.11,0.11
2022-10-25,0.1,0.1,0.1,0.11,0.12,0.12,0.13
2022-10-26,0.1,0.1,0.1,0.11,0.13,0.14,0.15
2022-10-27,0.1,0.1,0.1,0.12,0.15,0.16,0.18
2022-10-28,0.1,0.1,0.1,0.12,0.15,0.16,0.18
2022-10-29,0.1,0.1,0.1,0.12,0.15,0.16,0.18
2022-10-30,0.1,0.1,0.1,0.12,0.15,0.16,0.18
2022-10-31,0.1,0.1,0.1,0.12,0.16,0.17,0.2
2022-11-01,0.1,0.1,0.1,0.13,0.17,0.18,0.21
2022-11-02,0.1,0.1,0.1,0.13,0.18,0.19,0.22
2022-11-03,0.1,0.1,0.1,0.14,0.19,0.2,0.23
2022-11-04,0.1,0.1,0.11,0.14,0.2,0.22,0.25
2022-11-05,0.1,0.1,0.11,0.16,0.22,0.24,0.27
2022-11-06,0.1,0.1,0.11,0.17,0.25,0.27,0.31
2022-11-07,0.1,0.11,0.11,0.19,0.28,0.31,0.35
2022-11-08,0.13,0.18,0.23,0.25,0.25,0.25,0.3
2022-11-09,0.14,0.2,0.26,0.29,0.3,0.3,0.33
2022-11-10,0.15,0.23,0.29,0.33,0.36,0.36,0.37
2022-11-11,0.16,0.25,0.33,0.38,0.42,0.42,0.44
2022-11-12,0.18,0.28,0.36,0.43,0.48,0.49,0.51
2022-11-13,0.2,0.31,0.39,0.47,0.54,0.56,0.58
2022-11-14,0.22,0.35,0.42,0.52,0.61,0.62,0.66
2022-11-15,0.24,0.38,0.45,0.57,0.68,0.7,0.73
2022-11-16,0.26,0.41,0.49,0.63,0.75,0.77,0.81
2022-11-17,0.29,0.44,0.52,0.68,0.82,0.84,0.89
2022-11-18,0.31,0.48,0.55,0.73,0.89,0.92,0.97
2022-11-19,0.34,0.51,0.58,0.78,0.96,0.99,1.05
2022-11-20,0.37,0.55,0.61,0.83,1.03,1.07,1.14
2022-11-21,0.4,0.58,0.64,0.88,1.1,1.14,1.22
2022-11-22,0.43,0.61,0.68,0.94,1.17,1.22,1.3
2022-11-23,0.46,0.64,0.71,0.99,1.24,1.29,1.38
2022-11-24,0.49,0.67,0.74,1.04,1.31,1.36,1.45
2022-11-25,0.53,0.7,0.77,1.08,1.38,1.43,1.53
2022-11-26,0.55,0.72,0.8,1.13,1.44,1.5,1.6
2022-11-27,0.58,0.75,0.83,1.18,1.5,1.56,1.68
2022-11-28,0.61,0.78,0.85,1.22,1.56,1.63,1.76
2022-11-29,0.63,0.8,0.88,1.26,1.62,1.69,1.83
2022-11-30,0.65,0.82,0.91,1.3,1.67,1.75,1.89
2022-12-01,0.67,0.84,0.93,1.34,1.73,1.8,1.95
2022-12-02,0.68,0.87,0.95,1.38,1.78,1.86,2.01
2022-12-03,0.7,0.89,0.97,1.41,1.83,1.91,2.06
2022-12-04,0.71,0.91,1,1.44,1.87,1.95,2.11
2022-12-05,1.06,1.29,1.29,1.3,1.29,1.55,1.84
2022-12-06,1.09,1.31,1.32,1.34,1.34,1.58,1.88
2022-12-07,1.1,1.33,1.34,1.37,1.39,1.61,1.91
2022-12-08,1.1,1.34,1.35,1.4,1.43,1.63,1.94
2022-12-09,1.13,1.35,1.36,1.42,1.48,1.65,1.95
2022-12-10,1.14,1.36,1.37,1.45,1.52,1.68,1.97
2022-12-11,1.14,1.36,1.38,1.47,1.56,1.68,1.98
2022-12-12,1.17,1.35,1.38,1.49,1.6,1.7,2
2022-12-13,1.18,1.35,1.38,1.51,1.64,1.72,2.02
2022-12-14,1.18,1.34,1.37,1.52,1.67,1.74,2.03
2022-12-15,1.17,1.34,1.37,1.54,1.7,1.77,2.04
2022-12-16,1.16,1.32,1.36,1.55,1.73,1.79,2.04
2022-12-17,1.14,1.31,1.35,1.55,1.76,1.82,2.04
2022-12-18,1.12,1.29,1.33,1.56,1.78,1.84,2.04
2022-12-19,1.1,1.27,1.32,1.56,1.8,1.86,2.04
2022-12-20,1.09,1.25,1.3,1.56,1.82,1.88,2.04
2022-12-21,1.07,1.23,1.28,1.56,1.84,1.9,2.06
2022-12-22,1.05,1.2,1.26,1.56,1.85,1.91,2.07
2022-12-23,1.01,1.17,1.24,1.55,1.86,1.93,2.09
2022-12-24,0.98,1.14,1.21,1.55,1.87,1.93,2.09
2022-12-25,0.96,1.11,1.19,1.54,1.88,1.94,2.1
2022-12-26,0.93,1.08,1.16,1.52,1.88,1.95,2.11
2022-12-27,0.9,1.05,1.13,1.51,1.88,1.95,2.12
2022-12-28,0.86,1.02,1.1,1.5,1.88,1.95,2.13
2022-12-29,0.83,0.98,1.07,1.48,1.88,1.95,2.13
2022-12-30,0.79,0.95,1.04,1.46,1.87,1.94,2.13
2022-12-31,0.75,0.92,1.01,1.44,1.86,1.94,2.13
2023-01-01,1.41,1.41,1.41,1.41,1.41,1.42,1.49
2023-01-02,1.39,1.39,1.39,1.4,1.41,1.41,1.47
2023-01-03,0.87,0.87,0.88,1.4,1.47,1.48,1.48
2023-01-04,0.83,0.84,0.84,0.86,0.89,0.89,0.9
2023-01-05,0.8,0.8,0.81,0.84,0.88,0.89,0.9
2023-01-06,0.76,0.76,0.77,0.81,0.86,0.88,0.9
2023-01-07,0.71,0.72,0.73,0.79,0.86,0.87,0.9
2023-01-08,0.66,0.68,0.7,0.77,0.85,0.86,0.9
2023-01-09,0.61,0.64,0.66,0.74,0.84,0.86,0.9
2023-01-10,0.52,0.57,0.58,0.68,0.78,0.8,0.84
2023-01-11,0.45,0.46,0.5,0.6,0.72,0.74,0.79
2023-01-12,0.38,0.39,0.4,0.51,0.64,0.67,0.72
2023-01-13,0.31,0.32,0.33,0.44,0.58,0.61,0.67
2023-01-14,0.23,0.25,0.26,0.36,0.51,0.54,0.61
2023-01-15,0.2,0.22,0.22,0.23,0.28,0.34,0.43
2023-01-16,0.14,0.16,0.16,0.17,0.19,0.26,0.38
2023-01-17,0.1,0.1,0.1,0.13,0.16,0.23,0.35
2023-01-18,0.1,0.1,0.1,0.11,0.12,0.18,0.34
2023-01-19,0.1,0.1,0.1,0.1,0.11,0.14,0.31
2023-01-20,0.1,0.1,0.1,0.11,0.12,0.13,0.3
2023-01-21,0.1,0.1,0.1,0.12,0.14,0.15,0.29
2023-01-22,0.1,0.1,0.1,0.13,0.16,0.17,0.29
2023-01-23,0.1,0.1,0.1,0.14,0.19,0.2,0.29
2023-01-24,0.1,0.1,0.11,0.16,0.22,0.24,0.3
2023-01-25,0.1,0.11,0.11,0.18,0.26,0.27,0.32
2023-01-26,0.1,0.11,0.12,0.2,0.3,0.32,0.37
2023-01-27,0.1,0.12,0.13,0.23,0.34,0.36,0.41
2023-01-28,0.1,0.13,0.14,0.26,0.39,0.41,0.47
2023-01-29,0.11,0.14,0.15,0.29,0.44,0.46,0.53
2023-01-30,0.11,0.15,0.17,0.32,0.49,0.52,0.59
2023-01-31,0.11,0.16,0.19,0.36,0.54,0.58,0.65
2023-02-01,0.12,0.18,0.21,0.4,0.6,0.64,0.72
2023-02-02,0.13,0.19,0.23,0.44,0.66,0.7,0.78
2023-02-03,0.14,0.21,0.25,0.48,0.72,0.77,0.85
2023-02-04,0.16,0.22,0.27,0.52,0.78,0.83,0.91
2023-02-05,0.17,0.24,0.29,0.56,0.84,0.89,0.99
2023-02-06,0.19,0.27,0.32,0.61,0.9,0.96,1.06
2023-02-07,0.21,0.29,0.35,0.65,0.97,1.02,1.13
2023-02-08,0.22,0.32,0.38,0.7,1.03,1.09,1.2
2023-02-09,0.25,0.35,0.41,0.74,1.08,1.15,1.26
2023-02-10,0.26,0.38,0.44,0.78,1.14,1.22,1.33
2023-02-11,0.28,0.4,0.47,0.83,1.21,1.28,1.4
2023-02-12,0.3,0.43,0.5,0.87,1.26,1.34,1.47
2023-02-13,0.32,0.46,0.53,0.92,1.32,1.41,1.55
2023-02-14,0.35,0.49,0.56,0.96,1.38,1.46,1.62
2023-02-15,0.38,0.52,0.59,1,1.44,1.52,1.68
2023-02-16,0.4,0.55,0.62,1.05,1.49,1.58,1.74
2023-02-17,0.43,0.57,0.65,1.09,1.54,1.63,1.79
2023-02-18,0.46,0.6,0.68,1.13,1.6,1.68,1.85
2023-02-19,0.47,0.63,0.71,1.17,1.64,1.73,1.91
2023-02-20,0.5,0.66,0.74,1.2,1.69,1.78,1.95
2023-02-21,0.53,0.69,0.77,1.24,1.73,1.83,2
2023-02-22,0.55,0.71,0.8,1.27,1.77,1.87,2.04
2023-02-23,0.57,0.74,0.83,1.31,1.81,1.9,2.08
2023-02-24,0.6,0.76,0.85,1.34,1.84,1.94,2.12
2023-02-25,0.62,0.78,0.87,1.36,1.88,1.97,2.17
2023-02-26,0.62,0.81,0.89,1.39,1.91,2.01,2.2
2023-02-27,0.63,0.82,0.91,1.42,1.94,2.03,2.22
2023-02-28,0.64,0.84,0.93,1.44,1.96,2.06,2.25
